1,81.5,57,46.0,87.3,42.6,0.295,1
2,88.0,64,48.0,86.6,43.2,0.310,2
3,94.5,71,50.0,85.9,43.8,0.325,3
4,101.0,78,52.0,85.2,44.4,0.340,4
5,107.5,85,54.0,84.5,45.0,0.355,1
6,114.0,92,56.0,83.8,45.6,0.370,2
7,120.5,99,58.0,83.1,46.2,0.385,3
8,127.0,106,60.0,82.4,46.8,0.400,4
9,133.5,113,62.0,81.7,47.4,0.415,1
10,140.0,120,64.0,81.0,48.0,0.430,2
11,146.5,127,66.0,80.3,48.6,0.445,3
12,153.0,134,68.0,79.6,49.2,0.460,4
13,159.5,141,70.0,78.9,49.8,0.475,1
14,166.0,148,72.0,78.2,50.4,0.490,2
15,172.5,155,74.0,77.5,51.0,0.505,3
16,179.0,162,76.0,76.8,51.6,0.520,4
17,185.5,169,78.0,76.1,52.2,0.535,1
18,192.0,176,80.0,75.4,52.8,0.550,2
19,198.5,183,82.0,74.7,53.4,0.565,3
20,205.0,190,84.0,74.0,54.0,0.580,4
21,211.5,197,86.0,73.3,54.6,0.595,1
22,218.0,204,88.0,72.6,55.2,0.610,2
23,224.5,211,90.0,71.9,55.8,0.625,3
24,231.0,218,92.0,71.2,56.4,0.640,4
25,237.5,225,94.0,70.5,57.0,0.655,1
26,244.0,232,96.0,69.8,57.6,0.670,2
27,250.5,239,98.0,69.1,58.2,0.685,3
28,257.0,246,100.0,68.4,58.8,0.700,4
29,263.5,253,102.0,67.7,59.4,0.715,1
30,270.0,260,104.0,67.0,60.0,0.730,2